"name","version","build","channel"
"_openmp_mutex","4.5",,"conda-forge"
"_python_abi3_support","1.0",,"conda-forge"
"absl-py","2.5.0",,"conda-forge"
"amply","0.1.7",,"conda-forge"
"anndata","0.12.19",,"conda-forge"
"annotated-doc","0.0.5",,"conda-forge"
"annotated-types","0.8.0",,"conda-forge"
"aom","3.14.1",,"conda-forge"
"argparse-dataclass","2.0.0",,"conda-forge"
"arpack","3.9.1",,"conda-forge"
"array-api-compat","1.15.0",,"conda-forge"
"asttokens","3.0.2",,"conda-forge"
"attrs","26.1.0",,"conda-forge"
"aws-c-auth","0.10.4",,"conda-forge"
"aws-c-cal","0.9.14",,"conda-forge"
"aws-c-common","0.14.2",,"conda-forge"
"aws-c-compression","0.3.2",,"conda-forge"
"aws-c-event-stream","0.7.1",,"conda-forge"
"aws-c-http","0.11.0",,"conda-forge"
"aws-c-io","0.27.3",,"conda-forge"
"aws-c-mqtt","0.16.0",,"conda-forge"
"aws-c-s3","0.12.8",,"conda-forge"
"aws-c-sdkutils","0.2.7",,"conda-forge"
"aws-checksums","0.2.10",,"conda-forge"
"aws-crt-cpp","0.40.1",,"conda-forge"
"aws-sdk-cpp","1.11.833",,"conda-forge"
"azure-core-cpp","1.16.3",,"conda-forge"
"azure-identity-cpp","1.13.3",,"conda-forge"
"azure-storage-blobs-cpp","12.18.0",,"conda-forge"
"azure-storage-common-cpp","12.14.0",,"conda-forge"
"azure-storage-files-datalake-cpp","12.16.0",,"conda-forge"
"backports.zstd","1.6.0",,"conda-forge"
"bedtools","2.31.1",,"bioconda"
"biopython","1.88",,"conda-forge"
"bleach","6.4.0",,"conda-forge"
"blosc","1.21.6",,"conda-forge"
"brotli","1.2.0",,"conda-forge"
"brotli-bin","1.2.0",,"conda-forge"
"brotli-python","1.2.0",,"conda-forge"
"brunsli","0.1",,"conda-forge"
"bzip2","1.0.8",,"conda-forge"
"c-ares","1.34.8",,"conda-forge"
"c-blosc2","3.0.3",,"conda-forge"
"ca-certificates","2026.7.22",,"conda-forge"
"cached-property","1.5.2",,"conda-forge"
"cached_property","1.5.2",,"conda-forge"
"cairo","1.18.4",,"conda-forge"
"certifi","2026.7.22",,"conda-forge"
"charls","2.4.4",,"conda-forge"
"charset-normalizer","3.4.9",,"conda-forge"
"coin-or-cbc","2.10.13",,"conda-forge"
"coin-or-cgl","0.60.10",,"conda-forge"
"coin-or-clp","1.17.11",,"conda-forge"
"coin-or-osi","0.108.12",,"conda-forge"
"coin-or-utils","2.11.13",,"conda-forge"
"colorama","0.4.6",,"conda-forge"
"coloredlogs","15.0.1",,"conda-forge"
"comm","0.2.3",,"conda-forge"
"conda-inject","1.3.2",,"conda-forge"
"configargparse","1.7.5",,"conda-forge"
"connection_pool","0.0.3",,"conda-forge"
"contourpy","1.3.3",,"conda-forge"
"cpython","3.11.15",,"conda-forge"
"cuda-crt-tools","12.9.86",,"conda-forge"
"cuda-cudart","12.9.79",,"conda-forge"
"cuda-cudart_linux-64","12.9.79",,"conda-forge"
"cuda-cuobjdump","12.9.82",,"conda-forge"
"cuda-cupti","12.9.79",,"conda-forge"
"cuda-nvcc-tools","12.9.86",,"conda-forge"
"cuda-nvdisasm","12.9.88",,"conda-forge"
"cuda-nvrtc","12.9.86",,"conda-forge"
"cuda-nvtx","12.9.79",,"conda-forge"
"cuda-nvvm-tools","12.9.86",,"conda-forge"
"cuda-version","12.9",,"conda-forge"
"cudnn","9.10.2.21",,"conda-forge"
"cusparselt","0.7.0.0",,"conda-forge"
"cycler","0.12.1",,"conda-forge"
"dav1d","1.2.1",,"conda-forge"
"debugpy","1.8.21",,"conda-forge"
"decorator","5.3.1",,"conda-forge"
"deprecated","1.3.1",,"conda-forge"
"docrep","0.3.2",,"conda-forge"
"docutils","0.22.4",,"conda-forge"
"donfig","0.8.1.post1",,"conda-forge"
"dpath","2.2.0",,"conda-forge"
"eido","0.2.6",,"conda-forge"
"executing","2.2.1",,"conda-forge"
"filelock","3.32.0",,"conda-forge"
"fmt","12.1.0",,"conda-forge"
"font-ttf-dejavu-sans-mono","2.37",,"conda-forge"
"font-ttf-inconsolata","3.000",,"conda-forge"
"font-ttf-source-code-pro","2.038",,"conda-forge"
"font-ttf-ubuntu","0.83",,"conda-forge"
"fontconfig","2.18.2",,"conda-forge"
"fonts-conda-ecosystem","1",,"conda-forge"
"fonts-conda-forge","1",,"conda-forge"
"fonttools","4.63.0",,"conda-forge"
"freetype","2.14.3",,"conda-forge"
"fribidi","1.0.16",,"conda-forge"
"fsspec","2026.6.0",,"conda-forge"
"gflags","2.3.1",,"conda-forge"
"giflib","5.2.2",,"conda-forge"
"gitdb","4.0.12",,"conda-forge"
"gitpython","3.1.57",,"conda-forge"
"glog","0.7.1",,"conda-forge"
"glpk","5.0",,"conda-forge"
"gmp","6.3.0",,"conda-forge"
"gmpy2","2.3.0",,"conda-forge"
"google-crc32c","1.8.0",,"conda-forge"
"graphite2","1.3.15",,"conda-forge"
"gravis","0.1.0",,"conda-forge"
"greenlet","3.5.4",,"conda-forge"
"grpcio","1.82.1",,"conda-forge"
"gtfparse","2.8.0",,"bioconda"
"h2","4.4.0",,"conda-forge"
"h5py","3.16.0",,"conda-forge"
"hdf5","2.1.0",,"conda-forge"
"hpack","4.2.0",,"conda-forge"
"humanfriendly","10.0",,"conda-forge"
"hyperframe","6.1.0",,"conda-forge"
"icu","78.3",,"conda-forge"
"idna","3.18",,"conda-forge"
"igraph","1.0.1",,"conda-forge"
"imagecodecs","2026.3.6",,"conda-forge"
"imageio","2.37.0",,"conda-forge"
"immutables","0.21",,"conda-forge"
"importlib-metadata","9.0.0",,"conda-forge"
"ipycytoscape","1.3.3",,"pypi"
"ipykernel","7.3.0",,"conda-forge"
"ipython","9.15.0",,"conda-forge"
"ipython_pygments_lexers","1.1.1",,"conda-forge"
"ipywidgets","8.1.8",,"pypi"
"jedi","0.20.0",,"conda-forge"
"jinja2","3.1.6",,"conda-forge"
"joblib","1.5.3",,"conda-forge"
"jsonpickle","4.1.2",,"conda-forge"
"jsonschema","4.26.0",,"conda-forge"
"jsonschema-specifications","2025.9.1",,"conda-forge"
"jupyter_client","8.9.1",,"conda-forge"
"jupyter_core","5.9.1",,"conda-forge"
"jupyterlab-widgets","3.0.16",,"pypi"
"jupytext","1.19.5",,"conda-forge"
"jxrlib","1.1",,"conda-forge"
"kaggle","2.2.4",,"pypi"
"kagglehub","1.0.2",,"pypi"
"kagglesdk","0.1.37",,"conda-forge"
"keyutils","1.6.3",,"conda-forge"
"kiwisolver","1.5.0",,"conda-forge"
"krb5","1.22.2",,"conda-forge"
"lazy-loader","0.5",,"conda-forge"
"lcms2","2.19.1",,"conda-forge"
"ld_impl_linux-64","2.46.1",,"conda-forge"
"legacy-api-wrap","1.5",,"conda-forge"
"leidenalg","0.12.0",,"conda-forge"
"lerc","4.1.0",,"conda-forge"
"libabseil","20260526.0",,"conda-forge"
"libaec","1.1.5",,"conda-forge"
"libarrow","25.0.0",,"conda-forge"
"libarrow-acero","25.0.0",,"conda-forge"
"libarrow-compute","25.0.0",,"conda-forge"
"libarrow-dataset","25.0.0",,"conda-forge"
"libarrow-substrait","25.0.0",,"conda-forge"
"libavif16","1.4.2",,"conda-forge"
"libblas","3.11.0",,"conda-forge"
"libbrotlicommon","1.2.0",,"conda-forge"
"libbrotlidec","1.2.0",,"conda-forge"
"libbrotlienc","1.2.0",,"conda-forge"
"libcap","2.78",,"conda-forge"
"libcblas","3.11.0",,"conda-forge"
"libcrc32c","1.1.2",,"conda-forge"
"libcublas","12.9.2.10",,"conda-forge"
"libcudnn","9.10.2.21",,"conda-forge"
"libcudnn-dev","9.10.2.21",,"conda-forge"
"libcudss0","0.4.0.2",,"conda-forge"
"libcufft","11.4.1.4",,"conda-forge"
"libcufile","1.14.1.1",,"conda-forge"
"libcurand","10.3.10.19",,"conda-forge"
"libcurl","8.21.0",,"conda-forge"
"libcusolver","11.7.5.82",,"conda-forge"
"libcusparse","12.5.10.65",,"conda-forge"
"libdeflate","1.25",,"conda-forge"
"libedit","3.1.20250104",,"conda-forge"
"libev","4.33",,"conda-forge"
"libevent","2.1.12",,"conda-forge"
"libexpat","2.8.1",,"conda-forge"
"libffi","3.5.2",,"conda-forge"
"libfreetype","2.14.3",,"conda-forge"
"libfreetype6","2.14.3",,"conda-forge"
"libgcc","15.2.0",,"conda-forge"
"libgcc-ng","15.2.0",,"conda-forge"
"libgfortran","15.2.0",,"conda-forge"
"libgfortran5","15.2.0",,"conda-forge"
"libglib","2.88.2",,"conda-forge"
"libgomp","15.2.0",,"conda-forge"
"libgoogle-cloud","3.8.0",,"conda-forge"
"libgoogle-cloud-storage","3.8.0",,"conda-forge"
"libgrpc","1.82.1",,"conda-forge"
"libharfbuzz","14.2.1",,"conda-forge"
"libhwloc","2.13.0",,"conda-forge"
"libhwy","1.4.0",,"conda-forge"
"libiconv","1.18",,"conda-forge"
"libjpeg-turbo","3.2.0",,"conda-forge"
"libjxl","0.11.2",,"conda-forge"
"liblapack","3.11.0",,"conda-forge"
"liblapacke","3.11.0",,"conda-forge"
"libleidenalg","0.13.0",,"conda-forge"
"libllvm20","20.1.8",,"conda-forge"
"liblzma","5.8.3",,"conda-forge"
"libmagma","2.8.0",,"conda-forge"
"libnghttp2","1.68.1",,"conda-forge"
"libnl","3.11.0",,"conda-forge"
"libnsl","2.0.1",,"conda-forge"
"libnvjitlink","12.9.86",,"conda-forge"
"libopenblas","0.3.33",,"conda-forge"
"libopentelemetry-cpp","1.27.0",,"conda-forge"
"libopentelemetry-cpp-headers","1.27.0",,"conda-forge"
"libparquet","25.0.0",,"conda-forge"
"libpng","1.6.58",,"conda-forge"
"libprotobuf","7.35.1",,"conda-forge"
"libpsl","0.22.0",,"conda-forge"
"libraqm","0.10.5",,"conda-forge"
"libre2-11","2025.11.05",,"conda-forge"
"libsodium","1.0.22",,"conda-forge"
"libsqlite","3.53.3",,"conda-forge"
"libssh2","1.11.1",,"conda-forge"
"libstdcxx","15.2.0",,"conda-forge"
"libstdcxx-ng","15.2.0",,"conda-forge"
"libsystemd0","261.1",,"conda-forge"
"libthrift","0.22.0",,"conda-forge"
"libtiff","4.7.2",,"conda-forge"
"libtorch","2.13.0",,"conda-forge"
"libudev1","261.1",,"conda-forge"
"libutf8proc","2.11.3",,"conda-forge"
"libuuid","2.42.2",,"conda-forge"
"libuv","1.52.1",,"conda-forge"
"libwebp-base","1.6.0",,"conda-forge"
"libxcb","1.17.0",,"conda-forge"
"libxcrypt","4.4.36",,"conda-forge"
"libxml2","2.15.3",,"conda-forge"
"libxml2-16","2.15.3",,"conda-forge"
"libxml2-devel","2.15.3",,"conda-forge"
"libzlib","1.3.2",,"conda-forge"
"libzopfli","1.0.3",,"conda-forge"
"lightning","2.6.5",,"conda-forge"
"lightning-utilities","0.15.3",,"conda-forge"
"llvm-openmp","23.1.0",,"conda-forge"
"llvmlite","0.48.0",,"conda-forge"
"logmuse","0.3.0",,"conda-forge"
"lz4-c","1.10.0",,"conda-forge"
"markdown","3.10.2",,"conda-forge"
"markdown-it-py","4.2.0",,"conda-forge"
"markupsafe","3.0.3",,"conda-forge"
"matplotlib-base","3.11.1",,"conda-forge"
"matplotlib-inline","0.2.2",,"conda-forge"
"mdit-py-plugins","0.6.1",,"conda-forge"
"mdurl","0.1.2",,"conda-forge"
"ml-collections","1.0.0",,"conda-forge"
"mpc","1.4.0",,"conda-forge"
"mpfr","4.2.2",,"conda-forge"
"mpmath","1.3.0",,"pypi"
"msgpack-python","1.2.1",,"conda-forge"
"mudata","0.3.10",,"conda-forge"
"munkres","1.1.4",,"conda-forge"
"narwhals","2.24.0",,"conda-forge"
"natsort","8.4.0",,"conda-forge"
"nbformat","5.10.4",,"conda-forge"
"nccl","2.30.7.1",,"conda-forge"
"ncls","0.0.70",,"bioconda"
"ncurses","6.6",,"conda-forge"
"nest-asyncio2","1.7.2",,"conda-forge"
"networkx","3.6.1",,"conda-forge"
"nlohmann_json","3.12.0",,"conda-forge"
"nomkl","1.0",,"conda-forge"
"numba","0.66.0",,"conda-forge"
"numcodecs","0.16.5",,"conda-forge"
"numexpr","2.14.2",,"conda-forge"
"numpy","2.4.6",,"conda-forge"
"nvidia-cublas-cu12","12.4.5.8",,"pypi"
"nvidia-cuda-cupti-cu12","12.4.127",,"pypi"
"nvidia-cuda-nvrtc-cu12","12.4.127",,"pypi"
"nvidia-cuda-runtime-cu12","12.4.127",,"pypi"
"nvidia-cudnn-cu12","9.1.0.70",,"pypi"
"nvidia-cufft-cu12","11.2.1.3",,"pypi"
"nvidia-curand-cu12","10.3.5.147",,"pypi"
"nvidia-cusolver-cu12","11.6.1.9",,"pypi"
"nvidia-cusparse-cu12","12.3.1.170",,"pypi"
"nvidia-cusparselt-cu12","0.6.2",,"pypi"
"nvidia-nccl-cu12","2.21.5",,"pypi"
"nvidia-nvjitlink-cu12","12.4.127",,"pypi"
"nvidia-nvtx-cu12","12.4.127",,"pypi"
"onednn","3.12",,"conda-forge"
"openjpeg","2.5.4",,"conda-forge"
"openjph","0.27.4",,"conda-forge"
"openssl","3.6.4",,"conda-forge"
"opt_einsum","3.4.0",,"conda-forge"
"optree","0.19.1",,"conda-forge"
"orc","2.3.1",,"conda-forge"
"packaging","25.0",,"conda-forge"
"pandas","2.3.3",,"conda-forge"
"parso","0.8.7",,"conda-forge"
"patsy","1.0.2",,"conda-forge"
"pcre2","10.47",,"conda-forge"
"pephubclient","0.4.4",,"conda-forge"
"peppy","0.40.8",,"conda-forge"
"pexpect","4.9.0",,"conda-forge"
"pillow","12.3.0",,"conda-forge"
"pip","26.1.2",,"conda-forge"
"pixman","0.46.4",,"conda-forge"
"platformdirs","4.11.0",,"conda-forge"
"polars","1.44.1",,"conda-forge"
"polars-runtime-32","1.44.1",,"conda-forge"
"prometheus-cpp","1.3.0",,"conda-forge"
"prompt-toolkit","3.0.52",,"conda-forge"
"protobuf","7.35.1",,"conda-forge"
"psutil","7.2.2",,"conda-forge"
"pthread-stubs","0.4",,"conda-forge"
"ptyprocess","0.7.0",,"conda-forge"
"pulp","2.8.0",,"conda-forge"
"pure_eval","0.2.3",,"conda-forge"
"py-cpuinfo","9.0.0",,"conda-forge"
"pyarrow","25.0.0",,"conda-forge"
"pyarrow-core","25.0.0",,"conda-forge"
"pybedtools","0.12.0",,"bioconda"
"pybind11","3.0.3",,"conda-forge"
"pybind11-abi","11",,"conda-forge"
"pybind11-global","3.0.3",,"conda-forge"
"pydantic","2.13.4",,"conda-forge"
"pydantic-core","2.46.4",,"conda-forge"
"pygments","2.20.0",,"conda-forge"
"pynndescent","0.5.13",,"conda-forge"
"pynrrd","1.1.3",,"conda-forge"
"pyparsing","3.3.2",,"conda-forge"
"pyranges","0.1.4",,"bioconda"
"pyro-api","0.1.2",,"conda-forge"
"pyro-ppl","1.9.1",,"conda-forge"
"pysam","0.24.0",,"bioconda"
"pysocks","1.7.1",,"conda-forge"
"pytables","3.11.1",,"conda-forge"
"python","3.11.15",,"conda-forge"
"python-annoy","1.17.3",,"conda-forge"
"python-dateutil","2.9.0.post0",,"conda-forge"
"python-dotenv","1.2.3",,"conda-forge"
"python-fastjsonschema","2.22.1",,"conda-forge"
"python-gil","3.11.15",,"conda-forge"
"python-igraph","1.0.0",,"conda-forge"
"python-slugify","8.0.4",,"conda-forge"
"python-tzdata","2026.3",,"conda-forge"
"python_abi","3.11",,"conda-forge"
"pytorch-lightning","2.6.5",,"conda-forge"
"pytz","2026.2",,"conda-forge"
"pyvis","0.3.2",,"conda-forge"
"pyyaml","6.0.3",,"conda-forge"
"pyzmq","27.1.0",,"conda-forge"
"qhull","2020.2",,"conda-forge"
"rav1e","0.8.1",,"conda-forge"
"rdma-core","63.0",,"conda-forge"
"re2","2025.11.05",,"conda-forge"
"readline","8.3",,"conda-forge"
"referencing","0.37.0",,"conda-forge"
"requests","2.34.2",,"conda-forge"
"rich","15.0.0",,"conda-forge"
"rpds-py","2026.6.3",,"conda-forge"
"s2n","1.7.5",,"conda-forge"
"scanpy","1.11.5",,"conda-forge"
"scikit-image","0.26.0",,"conda-forge"
"scikit-learn","1.9.0",,"conda-forge"
"scipy","1.17.1",,"conda-forge"
"scrublet","0.2.3",,"bioconda"
"scverse-misc","0.0.3",,"conda-forge"
"scvi-tools","1.4.2",,"conda-forge"
"seaborn","0.13.2",,"conda-forge"
"seaborn-base","0.13.2",,"conda-forge"
"session-info2","0.4.1",,"conda-forge"
"setuptools","81.0.0",,"conda-forge"
"shellingham","1.5.4",,"conda-forge"
"six","1.17.0",,"conda-forge"
"slack-sdk","3.43.0",,"conda-forge"
"slack_sdk","3.43.0",,"conda-forge"
"sleef","3.9.0",,"conda-forge"
"smart_open","7.7.1",,"conda-forge"
"smmap","5.0.3",,"conda-forge"
"snakemake","9.23.1",,"bioconda"
"snakemake-interface-common","1.23.0",,"bioconda"
"snakemake-interface-executor-plugins","9.4.0",,"bioconda"
"snakemake-interface-logger-plugins","2.1.0",,"bioconda"
"snakemake-interface-report-plugins","1.3.0",,"bioconda"
"snakemake-interface-scheduler-plugins","2.0.2",,"bioconda"
"snakemake-interface-storage-plugins","4.4.1",,"bioconda"
"snakemake-minimal","9.23.1",,"bioconda"
"snappy","1.2.2",,"conda-forge"
"sorted_nearest","0.0.41",,"bioconda"
"sparse","0.19.0",,"conda-forge"
"spectate","1.0.1",,"pypi"
"sqlalchemy","2.0.51",,"conda-forge"
"sqlmodel","0.0.37",,"conda-forge"
"stack_data","0.6.3",,"conda-forge"
"statsmodels","0.14.6",,"conda-forge"
"svt-av1","4.2.0",,"conda-forge"
"sympy","1.13.1",,"pypi"
"tabulate","0.10.0",,"conda-forge"
"tbb","2023.0.0",,"conda-forge"
"tenacity","9.1.4",,"conda-forge"
"tensorboard","2.20.0",,"conda-forge"
"tensorboard-data-server","0.7.0",,"conda-forge"
"text-unidecode","1.3",,"conda-forge"
"texttable","1.7.0",,"conda-forge"
"threadpoolctl","3.6.0",,"conda-forge"
"throttler","1.2.2",,"conda-forge"
"tifffile","2026.3.3",,"conda-forge"
"tk","8.6.13",,"conda-forge"
"toml","0.10.2",,"conda-forge"
"tomli","2.4.1",,"conda-forge"
"torch","2.6.0+cu124",,"pypi"
"torchaudio","2.6.0+cu124",,"pypi"
"torchmetrics","1.9.0",,"conda-forge"
"torchvision","0.21.0+cu124",,"pypi"
"tornado","6.5.7",,"conda-forge"
"tqdm","4.69.0",,"conda-forge"
"traitlets","5.15.1",,"conda-forge"
"triton","3.2.0",,"conda-forge"
"typer","0.27.0",,"conda-forge"
"typing-extensions","4.16.0",,"conda-forge"
"typing-inspection","0.4.2",,"conda-forge"
"typing_extensions","4.16.0",,"conda-forge"
"tzdata","2026c",,"conda-forge"
"ubiquerg","0.9.3",,"conda-forge"
"umap-learn","0.5.12",,"conda-forge"
"unicodedata2","17.0.1",,"conda-forge"
"urllib3","2.7.0",,"conda-forge"
"wcwidth","0.8.2",,"conda-forge"
"webencodings","0.6.1",,"pypi"
"werkzeug","3.1.8",,"conda-forge"
"wheel","0.47.0",,"conda-forge"
"widgetsnbextension","4.0.15",,"pypi"
"wrapt","1.17.3",,"conda-forge"
"xarray","2026.7.0",,"conda-forge"
"xorg-libice","1.1.2",,"conda-forge"
"xorg-libsm","1.2.6",,"conda-forge"
"xorg-libx11","1.8.13",,"conda-forge"
"xorg-libxau","1.0.12",,"conda-forge"
"xorg-libxdmcp","1.1.5",,"conda-forge"
"xorg-libxext","1.3.7",,"conda-forge"
"xorg-libxrender","0.9.12",,"conda-forge"
"yaml","0.2.5",,"conda-forge"
"yte","1.9.4",,"conda-forge"
"zarr","3.1.6",,"conda-forge"
"zeromq","4.3.5",,"conda-forge"
"zfp","1.0.1",,"conda-forge"
"zipp","4.1.0",,"conda-forge"
"zlib","1.3.2",,"conda-forge"
"zlib-ng","2.3.3",,"conda-forge"
"zstd","1.5.7",,"conda-forge"
